:START_ID,:END_ID,:TYPE,relation,confidence,provenance
mitre-attack,atomic-red-team,RELATED_TO,behavior-to-validation,high,curated-crosswalk
mitre-attack,mitre-caldera,RELATED_TO,behavior-to-emulation,high,curated-crosswalk
mitre-attack,mitre-d3fend,RELATED_TO,behavior-to-countermeasure,high,curated-crosswalk
mitre-attack,sigma,RELATED_TO,behavior-to-detection,high,curated-crosswalk
mitre-attack,ttpforge,RELATED_TO,behavior-to-simulation,high,curated-crosswalk
mitre-attack,vectr,RELATED_TO,behavior-to-measurement,high,curated-crosswalk
mitre-attack,attack-flow,RELATED_TO,behavior-to-sequencing,high,curated-crosswalk
mitre-attack,ctid-adversary-emulation,RELATED_TO,behavior-to-emulation-plan,high,curated-crosswalk
mitre-attack,mitre-atlas,RELATED_TO,enterprise-to-ai-context-bridge,medium,curated-crosswalk
atomic-red-team,splunk-attack-range,RELATED_TO,simulation-to-telemetry,high,curated-crosswalk
openaev,mitre-attack,RELATED_TO,validation-to-behavior,high,curated-crosswalk
openaev,vectr,RELATED_TO,validation-to-measurement,medium,curated-crosswalk
mitre-atlas,pyrit,RELATED_TO,ai-threat-model-to-assessment,high,curated-crosswalk
mitre-atlas,garak,RELATED_TO,ai-threat-model-to-evaluation,high,curated-crosswalk
mitre-atlas,owasp-genai,RELATED_TO,ai-threat-model-to-application-risk,medium,curated-crosswalk
mitre-atlas,nist-ai-rmf-genai,RELATED_TO,ai-threat-model-to-risk-governance,medium,curated-crosswalk
owasp-genai,pyrit,RELATED_TO,application-risk-to-assessment,medium,curated-crosswalk
mitre-d3fend,sigma,RELATED_TO,countermeasure-to-detection-context,medium,curated-crosswalk
sigma,velociraptor,RELATED_TO,detection-to-investigation,medium,curated-crosswalk
bloodhound,azurehound,RELATED_TO,graph-to-data-collection,high,curated-crosswalk
bloodhound,roadtools,RELATED_TO,identity-graph-to-research,medium,curated-crosswalk
cloudfox,stratus-red-team,RELATED_TO,discovery-to-validation,medium,curated-crosswalk
cloudfox,pacu,RELATED_TO,discovery-to-assessment,medium,curated-crosswalk
kubehound,stratus-red-team,RELATED_TO,attack-path-to-validation,medium,curated-crosswalk
microburst,stormspotter,RELATED_TO,azure-assessment-to-graph-context,medium,curated-crosswalk
tiber-eu,attack-flow,RELATED_TO,threat-led-scenario-modeling,high,curated-crosswalk
cbest,attack-flow,RELATED_TO,threat-led-scenario-modeling,high,curated-crosswalk
crest-tlpt,attack-flow,RELATED_TO,assurance-to-scenario-modeling,medium,curated-crosswalk
tiber-eu,ctid-adversary-emulation,RELATED_TO,threat-led-to-emulation-planning,medium,curated-crosswalk
infection-monkey,mitre-attack,RELATED_TO,emulation-to-behavior,high,curated-crosswalk
realm,mitre-attack,RELATED_TO,emulation-to-behavior,high,curated-crosswalk
owasp-mastg,mobsf,RELATED_TO,testing-guide-to-assessment-platform,medium,curated-crosswalk
mobsf,frida,RELATED_TO,static-dynamic-to-instrumentation,medium,curated-crosswalk
owasp-iot-istg,expliot,RELATED_TO,testing-guide-to-assessment-framework,medium,curated-crosswalk
owasp-iot-istg,routersploit,RELATED_TO,testing-guide-to-embedded-assessment,medium,curated-crosswalk
owasp-asvs,burp-suite,RELATED_TO,standard-to-assessment-platform,high,curated-crosswalk
owasp-asvs,owasp-zap,RELATED_TO,standard-to-assessment-platform,high,curated-crosswalk
owasp-api-top10,burp-suite,RELATED_TO,risk-model-to-assessment-platform,high,curated-crosswalk
owasp-api-top10,owasp-zap,RELATED_TO,risk-model-to-assessment-platform,high,curated-crosswalk
owasp-samm,nist-ssdf,RELATED_TO,maturity-model-to-secure-development,medium,curated-crosswalk
owasp-masvs,owasp-mastg,RELATED_TO,verification-standard-to-testing-guide,high,curated-crosswalk
owasp-isvs,owasp-iot-istg,RELATED_TO,verification-standard-to-testing-guide,high,curated-crosswalk
nist-ssdf,semgrep,RELATED_TO,secure-development-to-static-analysis,medium,curated-crosswalk
nist-ssdf,slsa,RELATED_TO,secure-development-to-supply-chain-assurance,medium,curated-crosswalk
slsa,trivy,RELATED_TO,supply-chain-assurance-to-artifact-assessment,medium,curated-crosswalk
slsa,openssf-scorecard,RELATED_TO,supply-chain-assurance-to-project-posture,medium,curated-crosswalk
csa-ccm,prowler,RELATED_TO,cloud-control-to-assessment,medium,curated-crosswalk
csa-ccm,scoutsuite,RELATED_TO,cloud-control-to-assessment,medium,curated-crosswalk
mitre-cwe,semgrep,RELATED_TO,weakness-model-to-static-analysis,medium,curated-crosswalk
mitre-capec,mitre-attack,RELATED_TO,attack-pattern-to-behavior,high,curated-crosswalk
mitre-car,zeek,RELATED_TO,analytics-to-network-telemetry,medium,curated-crosswalk
mitre-car,osquery,RELATED_TO,analytics-to-endpoint-telemetry,medium,curated-crosswalk
ocsf,zeek,RELATED_TO,schema-to-network-telemetry,medium,curated-crosswalk
ocsf,osquery,RELATED_TO,schema-to-endpoint-telemetry,medium,curated-crosswalk
cis-controls,falco,RELATED_TO,safeguard-to-runtime-detection,medium,curated-crosswalk
cis-controls,suricata,RELATED_TO,safeguard-to-network-detection,medium,curated-crosswalk
first-cvss,first-epss,RELATED_TO,severity-to-exploitation-likelihood-context,medium,curated-crosswalk
nist-sp-800-207,bloodhound,RELATED_TO,zero-trust-to-identity-attack-path-analysis,medium,curated-crosswalk
nist-csf-2,mitre-attack,RELATED_TO,risk-framework-to-threat-behavior-context,medium,curated-crosswalk
openssf-scorecard,checkov,RELATED_TO,project-posture-to-iac-assessment,medium,curated-crosswalk
oasis-stix-2-1,oasis-taxii-2-1,RELATED_TO,intelligence-model-to-transport,high,curated-crosswalk
mitre-attack,oasis-stix-2-1,RELATED_TO,behavior-model-to-cti-representation,high,curated-crosswalk
misp-galaxy,oasis-stix-2-1,RELATED_TO,knowledge-model-to-cti-representation,medium,curated-crosswalk
misp-galaxy,mitre-attack,RELATED_TO,threat-actor-context-to-behavior-model,high,curated-crosswalk
cyber-kill-chain,mitre-attack,RELATED_TO,intrusion-lifecycle-to-behavior-model,medium,curated-crosswalk
oasis-cacao-2,mitre-d3fend,RELATED_TO,playbook-to-defensive-action-context,medium,curated-crosswalk
oasis-cacao-2,nist-sp-800-61-r3,RELATED_TO,playbook-to-incident-response,high,curated-crosswalk
veris,nist-sp-800-61-r3,RELATED_TO,incident-data-to-response-governance,medium,curated-crosswalk
first-tlp-2,oasis-stix-2-1,RELATED_TO,sharing-marking-to-cti-exchange,high,curated-crosswalk
first-csirt-services,nist-sp-800-61-r3,RELATED_TO,csirt-services-to-incident-response,high,curated-crosswalk
nist-sp-800-160-v2-r1,cisa-cpg,RELATED_TO,resilience-engineering-to-security-outcomes,medium,curated-crosswalk
ssvc,first-epss,RELATED_TO,decision-prioritization-to-exploitation-likelihood,medium,curated-crosswalk
ssvc,first-cvss,RELATED_TO,decision-prioritization-to-severity-context,medium,curated-crosswalk
oasis-csaf-2,ssvc,RELATED_TO,security-advisory-to-response-prioritization,medium,curated-crosswalk
owasp-top10-2025,owasp-asvs,RELATED_TO,risk-awareness-to-verification-standard,high,curated-crosswalk
nist-sp-800-63-4,nist-sp-800-207,RELATED_TO,digital-identity-to-zero-trust,high,curated-crosswalk
nist-sp-800-63-4,bloodhound,RELATED_TO,identity-assurance-to-attack-path-context,medium,curated-crosswalk
nist-sp-800-161-r1,nist-ssdf,RELATED_TO,supply-chain-risk-to-secure-development,high,curated-crosswalk
nist-sp-800-161-r1,slsa,RELATED_TO,supply-chain-risk-to-build-provenance,medium,curated-crosswalk
nist-sp-800-190,trivy,RELATED_TO,container-guidance-to-workload-assessment,medium,curated-crosswalk
nist-sp-800-190,kube-bench,RELATED_TO,container-guidance-to-kubernetes-benchmark,medium,curated-crosswalk
cisa-ztmm-2,nist-sp-800-207,RELATED_TO,maturity-model-to-zero-trust-architecture,high,curated-crosswalk
openssf-osps-baseline,openssf-scorecard,RELATED_TO,project-baseline-to-repository-assessment,high,curated-crosswalk
openssf-osps-baseline,slsa,RELATED_TO,project-baseline-to-supply-chain-assurance,medium,curated-crosswalk
owasp-scvs,nist-ssdf,RELATED_TO,component-verification-to-secure-development,high,curated-crosswalk
csa-security-guidance-v5,csa-ccm,RELATED_TO,cloud-guidance-to-control-matrix,high,curated-crosswalk
etsi-en-303-645,owasp-isvs,RELATED_TO,consumer-iot-to-iot-verification,medium,curated-crosswalk
iso-iec-27001-2022,iso-iec-27005-2022,RELATED_TO,isms-to-risk-management,high,curated-crosswalk
iso-iec-27001-2022,nist-csf-2,RELATED_TO,isms-to-cyber-risk-framework,medium,curated-crosswalk
